<?xml version="1.0" encoding="UTF-8"?>
<project-private xmlns="http://www.netbeans.org/ns/project-private/1">
    <editor-bookmarks xmlns="http://www.netbeans.org/ns/editor-bookmarks/2" lastBookmarkId="0"/>
    <open-files xmlns="http://www.netbeans.org/ns/projectui-open-files/2">
        <group>
            <file>file:/F:/Adrian/UNIVALLE-TULUA/_IPOO%20%5BNov-Abr-21%5D/NetBeansProjects/EjemploMenu/src/ejemplomenu/Ventana.java</file>
            <file>file:/F:/Adrian/UNIVALLE-TULUA/_IPOO%20%5BNov-Abr-21%5D/NetBeansProjects/EjemploMenu/src/ejemplomenu/MenuPrincipal.java</file>
            <file>file:/F:/Adrian/UNIVALLE-TULUA/_IPOO%20%5BNov-Abr-21%5D/NetBeansProjects/EjemploMenu/src/ejemplomenu/JPanelVentana1.java</file>
        </group>
    </open-files>
</project-private>
