<?xml version="1.0" encoding="UTF-8"?>
<project-private xmlns="http://www.netbeans.org/ns/project-private/1">
    <editor-bookmarks xmlns="http://www.netbeans.org/ns/editor-bookmarks/2" lastBookmarkId="0"/>
    <open-files xmlns="http://www.netbeans.org/ns/projectui-open-files/2">
        <group>
            <file>file:/F:/Adrian/Propuestas%20de%20investigacion/Tecnologica%20Pereira%20-%20Mejor%20Ruta/PruebaHerencia/src/Figuras2D.java</file>
            <file>file:/F:/Adrian/Propuestas%20de%20investigacion/Tecnologica%20Pereira%20-%20Mejor%20Ruta/PruebaHerencia/src/Paralelogramo.java</file>
            <file>file:/F:/Adrian/Propuestas%20de%20investigacion/Tecnologica%20Pereira%20-%20Mejor%20Ruta/PruebaHerencia/src/Rectangulo.java</file>
            <file>file:/F:/Adrian/Propuestas%20de%20investigacion/Tecnologica%20Pereira%20-%20Mejor%20Ruta/PruebaHerencia/src/Prueba.java</file>
            <file>file:/F:/Adrian/Propuestas%20de%20investigacion/Tecnologica%20Pereira%20-%20Mejor%20Ruta/PruebaHerencia/src/Cuadrado.java</file>
            <file>file:/F:/Adrian/Propuestas%20de%20investigacion/Tecnologica%20Pereira%20-%20Mejor%20Ruta/PruebaHerencia/src/Circulo.java</file>
        </group>
    </open-files>
</project-private>
