<?xml version="1.0" encoding="UTF-8"?>
<project-private xmlns="http://www.netbeans.org/ns/project-private/1">
    <editor-bookmarks xmlns="http://www.netbeans.org/ns/editor-bookmarks/2" lastBookmarkId="0"/>
    <open-files xmlns="http://www.netbeans.org/ns/projectui-open-files/2">
        <group>
            <file>file:/F:/Documents/NetBeansProjects/Ciclos/src/ciclos/Punto3.java</file>
            <file>file:/F:/Documents/NetBeansProjects/Ciclos/src/ciclos/EjemploMenu.java</file>
            <file>file:/F:/Documents/NetBeansProjects/Ciclos/src/ciclos/Punto1.java</file>
            <file>file:/F:/Documents/NetBeansProjects/Ciclos/src/ciclos/Punto2.java</file>
        </group>
    </open-files>
</project-private>
